source_names,Meanc22,SDc22,Concc22,Meanc24,SDc24,Concc24,Meanc26,SDc26,Concc26,Meanc28,SDc28,Concc28,n
aqua,-33.6445327943698,1.30137097037255,60.4591431503888,-34.3580313585927,1.91020292088133,79.8938683880327,-34.8579134359022,2.69714642471232,58.9329083912732,-35.2559045451279,1.94735549910634,62.2229831695275,14
nonvas,-35.95344383929,2.45923464430034,99.7991834925964,-36.9506060329857,2.02224831076344,143.995784651083,-38.6316844085549,2.32681552194054,63.1697956374968,-37.8246677585008,2.2052740423412,45.8210202606043,13
nonshrub,-34.6176347186573,1.3842712903622,124.569106078514,-35.4115908789428,1.09762783382095,59.4882381555049,-35.4846319308647,0.80187026981395,49.5082030379487,-35.6547851752512,0.335967038623451,33.0613604233316,5
shrub,-32.2713388783673,1.60472744358919,72.4851896450606,-32.5438972814909,2.42757405427312,112.564922153969,-32.6474045605422,1.486323782034,100.341494221297,-32.7461237548331,1.66988025599598,92.3817976626168,16
