source_names,Meanc24,SDc24,Concc24,n
aqua,-34.3580313585927,1.910202920881326,79.89386838803274,14
terr,-33.658927484396074,2.859082916247852,112.0843524982651,34
