source_names,Meanc22,SDc22,Concc22,n
aqua,-33.64453279436981,1.3013709703725462,60.45914315038884,14
terr,-33.19715691150538,2.3007704181320885,89.00007009152793,34
