source_names,Meanc26,SDc26,Concc26,n
aqua,-34.8579134359022,2.6971464247123174,58.93290839127322,14
terr,-34.03724540081768,2.815236481101049,81.3228719941542,34
