source_names,Meanc28,SDc28,Concc28,n
aqua,-35.25590454512786,1.9473554991063429,62.22298316952752,14
terr,-33.9845328637648,2.617820471873458,69.30978368287451,34
